id,username,currentExternalId,targetExternalId,errorCategories,action
332705899477,emerson.ashford0543@example.com,,0c9b480f-d373-41c7-a3af-d40e72a7a21e,NAME_MATCH_EXTERNAL_ID_MISMATCH,PATCH externalId -> targetExternalId via Account SCIM Users; log the call for rollback
791006449320092,skyler.stanton7564@example.com,,f99cedc8-88b4-4a61-a296-3fc2285fc7f0,NAME_MATCH_EXTERNAL_ID_MISMATCH,PATCH externalId -> targetExternalId via Account SCIM Users; log the call for rollback
132966533870260,nico.jennings8608@example.com,,1f609815-6e41-431b-a1fc-868ec919a2b3,NAME_MATCH_EXTERNAL_ID_MISMATCH,PATCH externalId -> targetExternalId via Account SCIM Users; log the call for rollback
452155741352987,avery.ashford9913@example.com,,08991dc2-276e-4dfb-a9cd-8b1d42e444b7,NAME_MATCH_EXTERNAL_ID_MISMATCH,PATCH externalId -> targetExternalId via Account SCIM Users; log the call for rollback
926353052837251,kendall.ellsworth7647@example.com,,5f1cf8e4-ae0c-4885-ab19-7c54ab5c3450,NAME_MATCH_EXTERNAL_ID_MISMATCH,PATCH externalId -> targetExternalId via Account SCIM Users; log the call for rollback
864023563237441,kendall.pemberton4221@example.com,,dffce4a6-f7b6-4ba5-ae5f-4bd87a75ff5b,NAME_MATCH_EXTERNAL_ID_MISMATCH,PATCH externalId -> targetExternalId via Account SCIM Users; log the call for rollback
756372157337773,sawyer.sinclair5537@example.com,,20656c5e-9406-47f0-aec0-ed3a0ed56ff3,NAME_MATCH_EXTERNAL_ID_MISMATCH,PATCH externalId -> targetExternalId via Account SCIM Users; log the call for rollback
530889863747557,sawyer.eastwood0415@example.com,,4e2e98c6-4e5d-469f-a44c-f85926061386,NAME_MATCH_EXTERNAL_ID_MISMATCH,PATCH externalId -> targetExternalId via Account SCIM Users; log the call for rollback
237229238234077,finley.ellsworth4528@example.com,,9e5c058b-fe33-45d7-a2f3-8584c1788fb2,NAME_MATCH_EXTERNAL_ID_MISMATCH,PATCH externalId -> targetExternalId via Account SCIM Users; log the call for rollback
269225785154004,wren.quimby7716@example.com,,cbec6107-7385-439c-a857-c1d3cfec8be7,NAME_MATCH_EXTERNAL_ID_MISMATCH,PATCH externalId -> targetExternalId via Account SCIM Users; log the call for rollback
853054742592454,phoenix.oakes2189@example.com,,a47e50c2-f753-4ec1-ad44-9840e60fe651,NAME_MATCH_EXTERNAL_ID_MISMATCH,PATCH externalId -> targetExternalId via Account SCIM Users; log the call for rollback
415584407055501,harper.delaney7952@example.com,1a6b45f8-3db0-4aa0-acab-61e2f4ef984b,70d1e931-0e9a-481f-a7f4-d96b29297c7f,EXTERNAL_ID_NOT_IN_IDP;NAME_MATCH_EXTERNAL_ID_MISMATCH,PATCH externalId -> targetExternalId via Account SCIM Users; log the call for rollback
619620811691302,vaughn.radcliffe4881@example.com,,bf4265d9-0a8c-45d9-a77e-599e05b7d16c,NAME_MATCH_EXTERNAL_ID_MISMATCH,PATCH externalId -> targetExternalId via Account SCIM Users; log the call for rollback
666479063051062,gray.delaney8046@example.com,,c6dab53a-a13a-4354-a511-c66b2b249852,NAME_MATCH_EXTERNAL_ID_MISMATCH,PATCH externalId -> targetExternalId via Account SCIM Users; log the call for rollback
461447015784855,adrian.fenwick8912@example.com,,a6e6b7ef-bcf1-4a19-a022-6a2af7f94846,NAME_MATCH_EXTERNAL_ID_MISMATCH,PATCH externalId -> targetExternalId via Account SCIM Users; log the call for rollback
166704915701684,casey.ashford0141@example.com,,13a71952-f3c8-4829-a471-475089701b68,NAME_MATCH_EXTERNAL_ID_MISMATCH,PATCH externalId -> targetExternalId via Account SCIM Users; log the call for rollback
823316521013203,bailey.kingsley6882@example.com,,3325c24a-e48f-4439-ad87-a72e7f6f08cb,NAME_MATCH_EXTERNAL_ID_MISMATCH,PATCH externalId -> targetExternalId via Account SCIM Users; log the call for rollback
767452060835149,alex.abbott5782@example.com,,61ef3a42-0788-49ad-a961-e532f9b95ca3,NAME_MATCH_EXTERNAL_ID_MISMATCH,PATCH externalId -> targetExternalId via Account SCIM Users; log the call for rollback
176374573031862,tanner.darrow7424@example.com,,776ea25f-4bc0-44a4-a3de-1c7c68ff58f3,NAME_MATCH_EXTERNAL_ID_MISMATCH,PATCH externalId -> targetExternalId via Account SCIM Users; log the call for rollback
801458645981069,hayden.granger6274@example.com,,b8d7e0bf-2d55-4726-acd4-bff0c310cf9e,NAME_MATCH_EXTERNAL_ID_MISMATCH,PATCH externalId -> targetExternalId via Account SCIM Users; log the call for rollback
144355553263313,finley.kingsley8892@example.com,,386a22f0-881f-4418-a57b-f87f56805008,NAME_MATCH_EXTERNAL_ID_MISMATCH,PATCH externalId -> targetExternalId via Account SCIM Users; log the call for rollback
290033838180501,quinn.oakes5336@example.com,,d2268c14-6d40-49cf-a1b8-6b1b36033ae4,NAME_MATCH_EXTERNAL_ID_MISMATCH,PATCH externalId -> targetExternalId via Account SCIM Users; log the call for rollback
643185262972383,hayden.ingram8863@example.com,,8a99145f-616f-4f0e-a46d-302769d4187c,NAME_MATCH_EXTERNAL_ID_MISMATCH,PATCH externalId -> targetExternalId via Account SCIM Users; log the call for rollback
807620068425232,oakley.radcliffe1636@example.com,1a6b45f8-3db0-4aa0-acab-61e2f4ef984b,19870676-994e-413a-ac58-c97c0fa3b842,EXTERNAL_ID_NOT_IN_IDP;NAME_MATCH_EXTERNAL_ID_MISMATCH,PATCH externalId -> targetExternalId via Account SCIM Users; log the call for rollback
943672557902366,blake.fairbanks7616@example.com,,b9a4e2e0-f6bb-4e78-a64f-0d388960236c,NAME_MATCH_EXTERNAL_ID_MISMATCH,PATCH externalId -> targetExternalId via Account SCIM Users; log the call for rollback
490016410354302,phoenix.abbott1473@example.com,,e41f12e0-e3cf-489b-ac93-d805c5814910,NAME_MATCH_EXTERNAL_ID_MISMATCH,PATCH externalId -> targetExternalId via Account SCIM Users; log the call for rollback
563034847086987,reese.granger6987@example.com,,ed76fa61-7ab7-46f6-a7cd-dd1c85219f37,NAME_MATCH_EXTERNAL_ID_MISMATCH,PATCH externalId -> targetExternalId via Account SCIM Users; log the call for rollback
205035442033557,sawyer.merritt2952@example.com,,8a289a93-ddbe-4fa8-a4ae-3d9460e7b2d8,NAME_MATCH_EXTERNAL_ID_MISMATCH,PATCH externalId -> targetExternalId via Account SCIM Users; log the call for rollback
515698172840457,jordan.sinclair7130@example.com,,8d44ba94-af51-46c6-aaad-404446d703bf,NAME_MATCH_EXTERNAL_ID_MISMATCH,PATCH externalId -> targetExternalId via Account SCIM Users; log the call for rollback
878681211069396,logan.abbott2590@example.com,,95651f73-cd6c-44dd-ab2b-07806f9d9c67,NAME_MATCH_EXTERNAL_ID_MISMATCH,PATCH externalId -> targetExternalId via Account SCIM Users; log the call for rollback
640043381215766,sawyer.ellsworth4177@example.com,,a2bf7c3b-0df9-42db-ad59-a91d82e7eff0,NAME_MATCH_EXTERNAL_ID_MISMATCH,PATCH externalId -> targetExternalId via Account SCIM Users; log the call for rollback
669265280689613,parker.underwood1158@example.com,,b72a1da3-1b0c-4608-af4e-ce672e806964,NAME_MATCH_EXTERNAL_ID_MISMATCH,PATCH externalId -> targetExternalId via Account SCIM Users; log the call for rollback
628377112989455,adrian.underwood9300@example.com,,6cc489f6-f3d3-4dfb-a026-811486578e45,NAME_MATCH_EXTERNAL_ID_MISMATCH,PATCH externalId -> targetExternalId via Account SCIM Users; log the call for rollback
891701620780106,adrian.norwood0371@example.com,ae9a288f-4e53-4eaf-aaf8-2c3f040af6cd,8ea98590-f9a8-41a8-ac7e-adc6491a70dd,EXTERNAL_ID_NOT_IN_IDP;NAME_MATCH_EXTERNAL_ID_MISMATCH,PATCH externalId -> targetExternalId via Account SCIM Users; log the call for rollback
9332051387810374,avery.lockwood8476@example.com,65dbdae8-11f8-4c07-a642-fe002b3383b5,321cafe6-e4ee-4c7e-a327-3de335afd022,EXTERNAL_ID_NOT_IN_IDP;NAME_MATCH_EXTERNAL_ID_MISMATCH,PATCH externalId -> targetExternalId via Account SCIM Users; log the call for rollback
7674526779580196,dakota.sinclair5869@example.com,41f75f03-6e2f-4ca1-a7f8-0ef1d1bd5248,9f8eefbc-c015-48b3-a976-a9ed40401fa2,EXTERNAL_ID_NOT_IN_IDP;NAME_MATCH_EXTERNAL_ID_MISMATCH,PATCH externalId -> targetExternalId via Account SCIM Users; log the call for rollback
3695283883623477,morgan.pemberton6721@example.com,,3f3816f3-dc2b-438f-aa6b-a0e0b6d119a2,NAME_MATCH_EXTERNAL_ID_MISMATCH,PATCH externalId -> targetExternalId via Account SCIM Users; log the call for rollback
3577720490152205,emerson.radcliffe9179@example.com,,1969498d-3738-48a8-ae8f-b7971b0822ef,NAME_MATCH_EXTERNAL_ID_MISMATCH,PATCH externalId -> targetExternalId via Account SCIM Users; log the call for rollback
3451578179624969,oakley.carlisle6539@example.com,,5abca3e9-9d64-418b-acac-3a753b61ff20,NAME_MATCH_EXTERNAL_ID_MISMATCH,PATCH externalId -> targetExternalId via Account SCIM Users; log the call for rollback
9323145698323895,indigo.thornton0411@example.com,f848fe1c-1732-437b-a3e4-8667d291b8f0,ddc9f39f-b954-4e4b-afd3-8a26238ae11e,EXTERNAL_ID_NOT_IN_IDP;NAME_MATCH_EXTERNAL_ID_MISMATCH,PATCH externalId -> targetExternalId via Account SCIM Users; log the call for rollback
4729359150683206,phoenix.pemberton7648@example.com,,16a1e996-b142-4358-abaa-2ca2cf2769a0,NAME_MATCH_EXTERNAL_ID_MISMATCH,PATCH externalId -> targetExternalId via Account SCIM Users; log the call for rollback
7384922089376689,avery.fenwick4187@example.com,,562869cf-d467-4903-a352-151c51cd88cd,NAME_MATCH_EXTERNAL_ID_MISMATCH,PATCH externalId -> targetExternalId via Account SCIM Users; log the call for rollback
3843546681529154,phoenix.delaney9085@example.com,,a2a2fcb1-620f-42a4-a127-fd84e18ed0b4,NAME_MATCH_EXTERNAL_ID_MISMATCH,PATCH externalId -> targetExternalId via Account SCIM Users; log the call for rollback
2180932073900660,teagan.jennings1855@example.com,,c8e41d39-9de0-42ef-a029-3c4a3a8b842b,NAME_MATCH_EXTERNAL_ID_MISMATCH,PATCH externalId -> targetExternalId via Account SCIM Users; log the call for rollback
8549184708655864,cameron.pemberton8153@example.com,,9da3505d-7b37-4c78-a1b8-e08b5a1d75dc,NAME_MATCH_EXTERNAL_ID_MISMATCH,PATCH externalId -> targetExternalId via Account SCIM Users; log the call for rollback
9610513272527161,morgan.ashford1120@example.com,,95b0bdff-ab43-48af-ab3a-d4dd93f48349,NAME_MATCH_EXTERNAL_ID_MISMATCH,PATCH externalId -> targetExternalId via Account SCIM Users; log the call for rollback
5550304624125011,kendall.prescott5015@example.com,,7343c3ef-1ca0-422f-a5e3-2344d1ac184d,NAME_MATCH_EXTERNAL_ID_MISMATCH,PATCH externalId -> targetExternalId via Account SCIM Users; log the call for rollback
5461686877184834,riley.sinclair6646@example.com,,0b7a867e-0ff9-422f-a2bc-c2473f0c39d2,NAME_MATCH_EXTERNAL_ID_MISMATCH,PATCH externalId -> targetExternalId via Account SCIM Users; log the call for rollback
2953895711418943,jordan.hawthorne5159@example.com,,b08e9cee-3603-44d5-ab60-99d75f669bf6,NAME_MATCH_EXTERNAL_ID_MISMATCH,PATCH externalId -> targetExternalId via Account SCIM Users; log the call for rollback
4648248135496996,wren.vance4015@example.com,,64ae9411-2133-400f-ad41-3a751324f4aa,NAME_MATCH_EXTERNAL_ID_MISMATCH,PATCH externalId -> targetExternalId via Account SCIM Users; log the call for rollback
4223356743869724,kai.brennan0919@example.com,,f6c029c6-01a7-4f73-afbb-29edf31d6b4c,NAME_MATCH_EXTERNAL_ID_MISMATCH,PATCH externalId -> targetExternalId via Account SCIM Users; log the call for rollback
7352625537985728,quinn.marchetti7121@example.com,,bde116cc-7875-4f81-a5d4-8e0291d18373,NAME_MATCH_EXTERNAL_ID_MISMATCH,PATCH externalId -> targetExternalId via Account SCIM Users; log the call for rollback
7722523473953703,parker.oakes1901@example.com,,2f53606e-04d1-40e5-a416-8dd3d033406e,NAME_MATCH_EXTERNAL_ID_MISMATCH,PATCH externalId -> targetExternalId via Account SCIM Users; log the call for rollback
2276656864351396,casey.pemberton6163@example.com,075c4ef3-0a54-4514-a38e-302cd6fab078,e0ee3ee7-8c97-419e-af34-54d6bbb8ba18,EXTERNAL_ID_NOT_IN_IDP;NAME_MATCH_EXTERNAL_ID_MISMATCH,PATCH externalId -> targetExternalId via Account SCIM Users; log the call for rollback
7694446972569867,devon.prescott6776@example.com,,cd76225b-47d1-4a38-ae90-7d26450ee047,NAME_MATCH_EXTERNAL_ID_MISMATCH,PATCH externalId -> targetExternalId via Account SCIM Users; log the call for rollback
3838613927136968,vaughn.norwood2233@example.com,,c9e55300-7031-4a49-a2e2-8af6582fb236,NAME_MATCH_EXTERNAL_ID_MISMATCH,PATCH externalId -> targetExternalId via Account SCIM Users; log the call for rollback
6922288683335716,alex.sinclair5454@example.com,,ebff4a3c-79d8-4934-a56d-2725846a2e91,NAME_MATCH_EXTERNAL_ID_MISMATCH,PATCH externalId -> targetExternalId via Account SCIM Users; log the call for rollback
1245717447542772,skyler.norwood8072@example.com,,3c98f9ca-7b5b-45cc-a392-0ec600533e7f,NAME_MATCH_EXTERNAL_ID_MISMATCH,PATCH externalId -> targetExternalId via Account SCIM Users; log the call for rollback
1604917697417667,tanner.fairbanks8808@example.com,854480a2-10e6-4358-a51f-43bddcf232cb,76d51e00-5889-40b5-acb9-a040311fe511,EXTERNAL_ID_NOT_IN_IDP;NAME_MATCH_EXTERNAL_ID_MISMATCH,PATCH externalId -> targetExternalId via Account SCIM Users; log the call for rollback
5523509157495075,kendall.stanton9131@example.com,,dd0ca61b-b76f-4a8a-a35d-b435cfe64532,NAME_MATCH_EXTERNAL_ID_MISMATCH,PATCH externalId -> targetExternalId via Account SCIM Users; log the call for rollback
5015350607963286,dakota.calloway5207@example.com,,8dc57c30-0935-41d1-a621-e25226c34eef,NAME_MATCH_EXTERNAL_ID_MISMATCH,PATCH externalId -> targetExternalId via Account SCIM Users; log the call for rollback
5203822831874296,alex.prescott6468@example.com,,d5641e90-e579-448e-a1f8-a57c298932d9,NAME_MATCH_EXTERNAL_ID_MISMATCH,PATCH externalId -> targetExternalId via Account SCIM Users; log the call for rollback
1312814633772213,kai.radcliffe2016@example.com,,c15fe8d2-e8ac-44c5-a73f-763588e18b5d,NAME_MATCH_EXTERNAL_ID_MISMATCH,PATCH externalId -> targetExternalId via Account SCIM Users; log the call for rollback
1516038168884271,sage.kirkland3691@example.com,cd952883-e70d-4069-a22c-a4cb2217c903,3807e20c-a9c8-4dad-aee1-eb14a0c7275c,EXTERNAL_ID_NOT_IN_IDP;NAME_MATCH_EXTERNAL_ID_MISMATCH,PATCH externalId -> targetExternalId via Account SCIM Users; log the call for rollback
4899252602942180,teagan.quimby0237@example.com,1a6b45f8-3db0-4aa0-acab-61e2f4ef984b,b04c9cad-29df-4361-ac57-26944cb85dd6,EXTERNAL_ID_NOT_IN_IDP;NAME_MATCH_EXTERNAL_ID_MISMATCH,PATCH externalId -> targetExternalId via Account SCIM Users; log the call for rollback
5913565540063301,indigo.langley3563@example.com,,994bfea5-80dc-4f21-a65a-5a274767fa10,NAME_MATCH_EXTERNAL_ID_MISMATCH,PATCH externalId -> targetExternalId via Account SCIM Users; log the call for rollback
5224255663713323,cameron.eastwood8007@example.com,,82348476-ed4d-4570-a20f-480aadfec348,NAME_MATCH_EXTERNAL_ID_MISMATCH,PATCH externalId -> targetExternalId via Account SCIM Users; log the call for rollback
7349943745849384,tatum.gallagher4091@example.com,,aba2691b-16eb-488b-ac16-db6950d70e9b,NAME_MATCH_EXTERNAL_ID_MISMATCH,PATCH externalId -> targetExternalId via Account SCIM Users; log the call for rollback
3660023396559784,gray.bancroft7177@example.com,,3f6dae2b-4483-4f33-a940-2b7d9d01de07,NAME_MATCH_EXTERNAL_ID_MISMATCH,PATCH externalId -> targetExternalId via Account SCIM Users; log the call for rollback
